feature,importance
num_consonants,0.5945246185542246
tld_freq,0.10634255697880939
special_char_ratio,0.0979238664694786
vowel_ratio,0.09076340915557608
avg_part_length,0.06592791968510929
consonant_ratio,0.04451762915680201
keyboard_num_seq,0.0
num_special_chars,0.0
tld_freq_log,0.0
max_consecutive_digits,0.0
subdomain_length,0.0
main_domain_ratio,0.0
trigram_freq,0.0
subdomain_count,0.0
letter_ratio,0.0
digit_last_pos,0.0
entropy,0.0
max_consecutive_special,0.0
num_letters,0.0
repeated_2gram_count,0.0
transition_alpha_alpha,0.0
pattern_variety,0.0
tld_length,0.0
max_part_length,0.0
digit_distribution,0.0
min_part_length,0.0
repeated_3gram_count,0.0
special_char_first_pos,0.0
num_parts,0.0
length,0.0
digit_first_pos,0.0
max_consecutive_letters,0.0
bigram_freq,0.0
digit_ratio,0.0
num_digits,0.0
tld_ratio,0.0
special_char_last_pos,0.0
num_vowels,0.0
keyboard_qwerty_seq,0.0
transition_alpha_digit,0.0
subdomain_ratio,0.0
special_char_distribution,0.0
transition_digit_alpha,0.0
max_3gram_repetition,0.0
max_2gram_repetition,0.0
main_domain_length,0.0
domain_complexity,0.0
transition_digit_digit,0.0
char_distribution,0.0
