feature,importance
num_consonants,0.3625132605099345
special_char_ratio,0.24258580843366226
tld_freq,0.09519845329335207
tld_freq_log,0.08934850000159383
letter_ratio,0.055769832455247526
special_char_first_pos,0.041795894096064226
vowel_ratio,0.03446355114615191
consonant_ratio,0.03146967193784098
domain_complexity,0.017722841783707033
main_domain_ratio,0.01067087746514731
transition_alpha_alpha,0.005516799113781831
main_domain_length,0.0032654099310858746
tld_ratio,0.0021018892642939136
special_char_last_pos,0.0014956848729843646
avg_part_length,0.00122101664479228
max_part_length,0.0008887441220735429
subdomain_ratio,0.0008874653415271445
subdomain_length,0.0006805012762137552
length,0.0005607542924120198
num_vowels,0.00045377647017964064
max_consecutive_letters,0.00045371349603658416
pattern_variety,0.0004405933625699664
digit_last_pos,0.00025538975867057294
entropy,0.00023957093067671594
keyboard_num_seq,0.0
max_consecutive_special,0.0
num_letters,0.0
repeated_2gram_count,0.0
max_consecutive_digits,0.0
num_special_chars,0.0
trigram_freq,0.0
subdomain_count,0.0
digit_distribution,0.0
digit_ratio,0.0
num_digits,0.0
num_parts,0.0
repeated_3gram_count,0.0
bigram_freq,0.0
tld_length,0.0
digit_first_pos,0.0
min_part_length,0.0
special_char_distribution,0.0
transition_alpha_digit,0.0
keyboard_qwerty_seq,0.0
transition_digit_alpha,0.0
max_3gram_repetition,0.0
max_2gram_repetition,0.0
transition_digit_digit,0.0
char_distribution,0.0
