feature,importance
tld_freq_log,17.99219944219891
tld_freq,12.374679511664818
special_char_ratio,7.679309503452985
domain_complexity,5.761330401589764
vowel_ratio,5.596410340110946
main_domain_length,5.296695655110445
tld_ratio,5.166795337175203
consonant_ratio,4.539231726289801
letter_ratio,4.306949125875972
pattern_variety,3.785870315157606
main_domain_ratio,3.039012520306277
entropy,2.9375248955613693
num_consonants,2.6654057371699054
special_char_first_pos,2.56955818816329
avg_part_length,2.4834569740763275
subdomain_ratio,2.378393231307786
length,2.0155629197295264
digit_last_pos,1.6618556436762597
transition_alpha_alpha,1.6589793733381173
keyboard_qwerty_seq,1.1153418419960979
max_consecutive_letters,0.8083954944950212
bigram_freq,0.7911203623502941
char_distribution,0.7160716555967837
max_part_length,0.6460664185627689
special_char_last_pos,0.5288012873452449
num_letters,0.43220902965203617
subdomain_length,0.3761662698871228
repeated_2gram_count,0.3341079781212402
num_vowels,0.21207326481465164
max_2gram_repetition,0.13042555522342875
keyboard_num_seq,0.0
num_special_chars,0.0
max_consecutive_digits,0.0
max_consecutive_special,0.0
trigram_freq,0.0
subdomain_count,0.0
repeated_3gram_count,0.0
digit_distribution,0.0
tld_length,0.0
digit_first_pos,0.0
min_part_length,0.0
digit_ratio,0.0
num_digits,0.0
num_parts,0.0
transition_alpha_digit,0.0
special_char_distribution,0.0
transition_digit_alpha,0.0
max_3gram_repetition,0.0
transition_digit_digit,0.0
