feature,importance
tld_freq_log,17347
tld_freq,10822
entropy,9477
consonant_ratio,7096
char_distribution,6822
tld_ratio,3059
vowel_ratio,3045
num_consonants,2914
pattern_variety,2756
letter_ratio,2737
keyboard_qwerty_seq,2664
main_domain_ratio,2239
num_vowels,1950
bigram_freq,1912
repeated_2gram_count,1695
subdomain_ratio,1613
digit_last_pos,1588
special_char_ratio,1552
main_domain_length,1475
domain_complexity,1409
special_char_first_pos,1375
subdomain_length,1177
num_letters,1035
max_consecutive_letters,928
length,921
avg_part_length,861
transition_alpha_alpha,797
max_2gram_repetition,603
special_char_last_pos,582
max_part_length,549
keyboard_num_seq,0
num_special_chars,0
max_consecutive_digits,0
max_consecutive_special,0
trigram_freq,0
subdomain_count,0
repeated_3gram_count,0
digit_distribution,0
tld_length,0
digit_first_pos,0
min_part_length,0
digit_ratio,0
num_digits,0
num_parts,0
transition_alpha_digit,0
special_char_distribution,0
transition_digit_alpha,0
max_3gram_repetition,0
transition_digit_digit,0
