feature,importance
special_char_ratio,636.8775634765625
special_char_first_pos,202.244873046875
num_consonants,178.19937133789062
main_domain_length,93.4478988647461
avg_part_length,87.42881774902344
domain_complexity,58.519248962402344
transition_alpha_alpha,35.19289779663086
letter_ratio,31.38022804260254
consonant_ratio,26.380022048950195
vowel_ratio,24.660417556762695
max_part_length,22.826221466064453
tld_ratio,22.588333129882812
max_consecutive_letters,21.71038818359375
main_domain_ratio,20.817054748535156
length,19.248762130737305
special_char_last_pos,17.44753074645996
num_letters,17.148157119750977
subdomain_ratio,16.401004791259766
tld_freq_log,15.373879432678223
subdomain_length,14.510249137878418
pattern_variety,14.046988487243652
tld_freq,13.819501876831055
digit_last_pos,13.802657127380371
num_vowels,13.1105318069458
bigram_freq,10.98144817352295
repeated_2gram_count,9.51788330078125
keyboard_qwerty_seq,8.843703269958496
max_2gram_repetition,7.927306652069092
entropy,6.0674567222595215
char_distribution,2.9666237831115723
